<?xml version="1.0" encoding="UTF-8"?>
<!DOCTYPE mapper
  PUBLIC "-//mybatis.org//DTD Mapper 3.0//EN"
  "http://mybatis.org/dtd/mybatis-3-mapper.dtd">
<mapper namespace="charts">
<!-- chart all list without paging -->
	<select id="list" parameterType="searchvo" resultType="chartdisplayvo">
	select * from 
	(
	  select a.*, rownum as r_num from
	  (
	    select 
	      patient.name as name,
	      patient.age as age,
	      chart.disease as disease,
	      doctor.name as doctor_name,
	      (select name from department where chart.dept_id = department.id) dept_name,
	      patient.sex as sex,
	      patient.familydis as familydis,
	      chart.id as id
	    from chart, (select id, name, age, sex, familydis from patient) patient,
	    (select doctor.id as id, employee.name as name from doctor, employee where employee.id = doctor.id) doctor
	    where chart.PATIENT_ID = patient.id and
	    chart.doctor_id = doctor.id
	    <if test="searchType != null">
	    <if test="searchType != ''">
	    	<choose>
	    		<when test="searchType == 1">
	    			and patient.name like '%'|| #{searchValue} || '%'
	    		</when>
	    		<when test="searchType == 2">
					and doctor.name like '%'|| #{searchValue} || '%'
				</when>
				<when test="searchType == 3">
					and doctor.id = #{searchValue}
				</when>
				<when test="searchType == 4">
					and chart.disease like '%'|| #{searchValue} || '%'
				</when>
				<when test="searchType == 5">
					and chart.treatment_id = #{searchValue}
				</when>
	    	</choose>
    	</if>
	    </if>
	    order by chart.id desc
	  ) a
	)
	where r_num between #{begin} and #{end}
	</select>
	<select id="size" resultType="int">
		select count(*)
		from chart
	</select>
	<select id="sizeSearch" resultType="int" parameterType="searchvo">
		select count(*)
		from chart, patient, (select doctor.id as id, employee.name as name from doctor, employee where employee.id = doctor.id) doctor
		<where>
			chart.patient_id = patient.id and
			chart.doctor_id = doctor.id
			<choose>
				<when test="searchType == 1">
					and patient.name like '%'|| #{searchValue} || '%'
				</when>
				<when test="searchType == 2">
					and doctor.name like '%'|| #{searchValue} || '%'
				</when>
				<when test="searchType == 3">
					and doctor.id = #{searchValue}
				</when>
				<when test="searchType == 4">
					and chart.disease like '%'|| #{searchValue} || '%'
				</when>
				<when test="searchType == 5">
					and chart.treatment_id = #{searchValue}
				</when>
			</choose>
		</where>
	</select>
</mapper>