<?xml version="1.0" encoding="UTF-8"?>
<!DOCTYPE mapper
  PUBLIC "-//mybatis.org//DTD Mapper 3.0//EN"
  "http://mybatis.org/dtd/mybatis-3-mapper.dtd">
<mapper namespace="login">

	<select id="loginok" resultType="int" parameterType="empvo">
		select count(*) cnt from employee where id=#{id} and password=#{password} 
	</select>
	<select id="login" resultType="string" parameterType="empvo">
		select id from employee where id=#{id}
	</select>

	<select id="seldoctor" resultType="int" parameterType="empvo">
		select count(*) cnt from doctor where id=#{id}
<!--  		select count(*) cnt from employee where dept_id=11  -->
	</select>
	
	<select id="selnurse" resultType="int" parameterType="empvo">
		select count(*) cnt from employee where dept_id=22 and id=#{id}
<!-- 		select count(*) cnt from nurse where id=#{id} -->
	</select>
	
	
	<select id="selstaff" resultType="int" parameterType="empvo">
		select count(*) cnt from general_employee where id=#{id}
<!-- 		 select count(*) cnt from employee where dept_id=33  -->
	</select>

</mapper>