<?xml version="1.0" encoding="UTF-8"?>
<beans xmlns="http://www.springframework.org/schema/beans"
	xmlns:xsi="http://www.w3.org/2001/XMLSchema-instance"
	xmlns:aop="http://www.springframework.org/schema/aop"
	xmlns:context="http://www.springframework.org/schema/context"
	xmlns:p="http://www.springframework.org/schema/p"
	xsi:schemaLocation="http://www.springframework.org/schema/beans http://www.springframework.org/schema/beans/spring-beans-4.1.xsd
		http://www.springframework.org/schema/aop http://www.springframework.org/schema/aop/spring-aop-4.1.xsd
		http://www.springframework.org/schema/context http://www.springframework.org/schema/context/spring-context-4.1.xsd">

<aop:aspectj-autoproxy/>
<context:component-scan base-package="box"/>

<!-- DataSource : JNDI방식을 스프링에서 제공 : JndiObjectFactoryBean -->
 	<bean id="dataSource" class="org.springframework.jndi.JndiObjectFactoryBean">
 		<property name="jndiName" value="java:comp/env/jdbc/myora"/>
 	</bean>
	
<!-- MyBatis설정 (SqlSessionFactoryBean) : config.xml, mapper.xml 등을 로드한 SqlSessionFactory를 
		관리해주는 빈을 생성한다. -->
	<bean id="factoryBean" class="org.mybatis.spring.SqlSessionFactoryBean">
		<property name="dataSource" ref="dataSource" />
		<property name="configLocation" value="classpath:config/config.xml" />
		<property name="mapperLocations" value="classpath*:sqlMap/*.xml" />
	</bean>

<!-- Spring이 제공해주는 SqlSessionTemplate를 사용하기 위해서 빈을 생성 -->
	<bean id="template" class="org.mybatis.spring.SqlSessionTemplate">
		<constructor-arg ref="factoryBean" />
	</bean>
	

	
<!-- ViewResolver -->
	<!-- CommonsMultipartResolver 는 파일업로드를 처리하기 위한 Resolver -->
	<bean id="multipartResolver"
		class="org.springframework.web.multipart.commons.CommonsMultipartResolver"></bean>

	<bean id="viewResolver"
		class="org.springframework.web.servlet.view.InternalResourceViewResolver">
		<property name="prefix" value="/WEB-INF/view/" />
		<property name="suffix" value=".jsp" />
	</bean>
</beans>
