<?xml version="1.0" encoding="UTF-8"?>
<beans xmlns="http://www.springframework.org/schema/beans"
	xmlns:xsi="http://www.w3.org/2001/XMLSchema-instance"
	xsi:schemaLocation="http://www.springframework.org/schema/beans http://www.springframework.org/schema/beans/spring-beans.xsd">

	<!-- 뷰 Controller -->
	<bean name="/index.box"
		class="org.springframework.web.servlet.mvc.ParameterizableViewController">
		<property name="viewName" value="auth/login" />
	</bean>
	<bean name="/register.box"
		class="org.springframework.web.servlet.mvc.ParameterizableViewController">
		<property name="viewName" value="auth/register" />
	</bean>


<!-- 	<bean name="/user_page.box" -->
<!-- 		class="org.springframework.web.servlet.mvc.ParameterizableViewController"> -->
<!-- 		<property name="viewName" value="frame/user_page" /> -->
<!-- 	</bean> -->
	<bean name="/user_page.box"
		class="org.springframework.web.servlet.mvc.ParameterizableViewController">
		<property name="viewName" value="redirect:/frame/user_page.html" />
	</bean>
	<bean name="/nurse_page.box"
		class="org.springframework.web.servlet.mvc.ParameterizableViewController">
		<property name="viewName" value="redirect:/frame/nurse_page.html" />
	</bean>
	<bean name="/doctor_page.box"
		class="org.springframework.web.servlet.mvc.ParameterizableViewController">
		<property name="viewName" value="redirect:/frame/doctor_page.html" />
	</bean>
	<bean name="/staff_page.box"
		class="org.springframework.web.servlet.mvc.ParameterizableViewController">
		<property name="viewName" value="redirect:/frame/staff_page.html" />
	</bean>

	<bean name="/dashboard.box"
		class="org.springframework.web.servlet.mvc.ParameterizableViewController">
		<property name="viewName" value="common/dashboard" />
	</bean>
</beans>
