<?xml version="1.0" encoding="UTF-8"?>
<beans xmlns="http://www.springframework.org/schema/beans"
	xmlns:xsi="http://www.w3.org/2001/XMLSchema-instance"
	xsi:schemaLocation="http://www.springframework.org/schema/beans http://www.springframework.org/schema/beans/spring-beans-4.1.xsd">

<!-- 	<bean name="/management_pay.box" class="org.springframework.web.servlet.mvc.ParameterizableViewController"> -->
<!-- 		<property name="viewName" value="management/management_pay"/> -->
<!-- 	</bean> -->
	
<!-- 	<bean name="/management_retire.box" class="org.springframework.web.servlet.mvc.ParameterizableViewController"> -->
<!-- 		<property name="viewName" value="management/management_retire"/> -->
<!-- 	</bean> -->
	
<!-- 	<bean name="/management_staff.box" class="org.springframework.web.servlet.mvc.ParameterizableViewController"> -->
<!-- 		<property name="viewName" value="management/management_staff"/> -->
<!-- 	</bean> -->

<!-- 	<bean name="/management_staff_detail.box" class="org.springframework.web.servlet.mvc.ParameterizableViewController"> -->
<!-- 		<property name="viewName" value="management/management_staff_detail"/> -->
<!-- 	</bean> -->
</beans>
