<?xml version="1.0" encoding="UTF-8"?>
<beans xmlns="http://www.springframework.org/schema/beans"
	xmlns:xsi="http://www.w3.org/2001/XMLSchema-instance"
	xsi:schemaLocation="http://www.springframework.org/schema/beans http://www.springframework.org/schema/beans/spring-beans-4.1.xsd">

	<bean name="/schedule_all.box" class="org.springframework.web.servlet.mvc.ParameterizableViewController">
		<property name="viewName" value="schedule/schedule_all"/>
	</bean>
	
	<bean name="/schedule_business.box" class="org.springframework.web.servlet.mvc.ParameterizableViewController">
		<property name="viewName" value="schedule/schedule_business"/>
	</bean>
	
	<bean name="/schedule_personal.box" class="org.springframework.web.servlet.mvc.ParameterizableViewController">
		<property name="viewName" value="schedule/schedule_personal"/>
	</bean>
	
</beans>
